scenario,mean
0,1
2,1.0802261428543158
3,1.1845445262013936
4,2.4141218950119634
5,1.66629745792916
