scenario,mean
0,1
2,1.2105139164348218
3,1.422373502257986
4,2.4208214643201504
5,1.6696359099737954
